Headline,Multiplier,Sector
[Stock] posts record-breaking Q4 earnings,1.08,Industrials
[Stock] acquires major competitor,1.1,Consumer Discretionary
[Stock] reports unexpected net loss in Q2,0.95,Finance
[Stock] granted FDA approval for new drug,1.15,Health Care
[Stock] expands real estate portfolio,1.03,Real Estate
[Stock] CEO resigns amid controversy,0.92,Miscellaneous
[Stock] unveils innovative tech product,1.11,Technology
[Stock] recalls defective consumer product,0.88,Consumer Staples
[Stock] secures large offshore oil contract,1.05,Energy
[Stock] telecommunications network suffers major outage,0.9,Telecommunications
[Stock] announces new sustainable energy project,1.07,Utilities
[Stock] discovers large mineral deposit,1.1,Basic Materials
[Stock] fails to meet Wall Street estimates,0.97,Industrials
[Stock] facing antitrust lawsuit,0.93,Consumer Discretionary
[Stock] announces dividend increase,1.03,Finance
[Stock] sees significant drop in active users,0.96,Technology
[Stock] to spin off underperforming division,1.02,Consumer Staples
[Stock] wins major government contract,1.06,Industrials
[Stock] initiates stock buyback program,1.02,Finance
[Stock] announces layoffs and restructuring,0.95,Health Care
[Stock] CEO announces retirement,0.98,Miscellaneous
[Stock] facing unexpected operational costs,0.94,Industrials
[Stock] announces partnership with major tech firm,1.06,Technology
[Stock] reports significant supply chain disruptions,0.91,Consumer Staples
[Stock] declares bankruptcy,0.7,Consumer Discretionary
[Stock] unveils ambitious expansion plan,1.05,Real Estate
[Stock] launches new innovative product,1.12,Technology
[Stock] misses earnings expectations,0.95,Finance
[Stock] to close manufacturing plants amid downturn,0.9,Industrials
[Stock] announces significant investment in renewables,1.1,Utilities
[Stock] under investigation for fraudulent accounting,0.8,Finance
[Stock] plans to go carbon neutral by 2030,1.04,Energy
[Stock] announces groundbreaking technological breakthrough,1.1,Technology
[Stock] initiates voluntary product recall,0.92,Consumer Discretionary
[Stock] suffers significant data breach,0.88,Technology
[Stock] reveals plans for a major corporate restructure,0.96,Miscellaneous
[Stock] sales hit by major supply chain disruptions,0.9,Consumer Staples
[Stock] announces major share buyback program,1.03,Finance
[Stock] plans to cut its workforce by 15%,0.92,Industrials
[Stock] launches promising clinical trial for cancer drug,1.07,Health Care
[Stock] to split stock 2-for-1,1.02,Technology
[Stock] announces robust sales growth,1.05,Consumer Discretionary
[Stock] to increase dividends for the next fiscal year,1.02,Finance
[Stock] initiates strategic partnership with major tech company,1.04,Technology
[Stock] finds major oil reserves in the North Sea,1.06,Energy
[Stock] expected to miss earnings guidance,0.94,Consumer Staples
[Stock] announces new renewable energy project,1.03,Utilities
[Stock] reports solid growth despite economic slowdown,1.04,Finance
[Stock] cuts dividend amid financial turmoil,0.9,Industrials
[Stock] forms strategic alliance with rival,1.02,Telecommunications
[Stock] announces plan to enter Asian market,1.05,Consumer Discretionary
[Stock] appoints new CEO,1.01,Miscellaneous
[Stock] fails to get FDA approval for new drug,0.9,Health Care
[Stock] plans major infrastructure investment,1.03,Real Estate
[Stock] receives major order from foreign government,1.06,Industrials
[Stock] announces layoffs amid struggling economy,0.9,Consumer Staples
[Stock] announces merger with industry competitor,1.08,Technology
[Stock] plans major capital expenditure,1.01,Utilities
[Stock] gets patent approval for innovative technology,1.06,Technology
[Stock] suffers major cyberattack,0.88,Consumer Discretionary
[Stock] announces breakthrough in renewable energy technology,1.07,Energy
[Stock] wins large government contract,1.04,Industrials
[Stock] suspends dividend payments,0.92,Finance
[Stock] announces significant investment in R&D,1.03,Technology
[Stock] secures regulatory approval for merger,1.05,Consumer Discretionary
[Stock] reports declining profit margins,0.95,Consumer Staples
[Stock] to shut down non-profitable branches,0.92,Real Estate
[Stock] announces major investment in AI technology,1.07,Technology
[Stock] to acquire fast-growing startup,1.03,Miscellaneous
[Stock] suffers from major operational glitches,0.9,Telecommunications
[Stock] to increase production capacity,1.03,Industrials
[Stock] to lay off 10% of its workforce,0.93,Consumer Discretionary
[Stock] to divest its underperforming division,1.01,Finance
[Stock] issues positive Q3 guidance,1.04,Technology
[Stock] announces aggressive expansion into new markets,1.06,Consumer Discretionary
[Stock] cutting costs as profits dip,0.93,Finance
[Stock] introduces new environmentally friendly initiative,1.03,Utilities
[Stock] delays product launch,0.96,Consumer Staples
[Stock] profits soar due to increased market demand,1.07,Industrials
[Stock] plans to reduce carbon emissions,1.02,Energy
[Stock] experiences steep sales decline,0.92,Consumer Discretionary
[Stock] reaches settlement in litigation case,0.98,Miscellaneous
[Stock] underperforms amid tough market conditions,0.94,Finance
[Stock] sets record high in sales,1.06,Consumer Discretionary
[Stock] announces stock split,1.03,Technology
[Stock] experiences production delays,0.95,Industrials
[Stock] faces potential shareholder lawsuit,0.91,Finance
[Stock] invests heavily in blockchain technology,1.05,Technology
[Stock] to cut dividends,0.92,Consumer Staples
[Stock] reaches new high on impressive earnings report,1.08,Health Care
[Stock] to enter a joint venture with [Stock],1.03,Miscellaneous
[Stock] announces major recall due to safety concerns,0.89,Consumer Discretionary
[Stock] hits new all-time high,1.05,Finance
[Stock] to launch innovative new service,1.04,Telecommunications
[Stock] gets regulatory green light for new product,1.06,Health Care
[Stock] signals lower than expected Q4 earnings,0.94,Finance
[Stock] expands into emerging markets,1.05,Consumer Discretionary
[Stock] hit by trade tariffs,0.92,Industrials
[Stock] announces new dividend policy,1.02,Finance
[Stock] breaks ground on new manufacturing facility,1.03,Consumer Staples
[Stock] hit by strike action at main plant,0.92,Industrials
[Stock] raises outlook for 2024,1.06,Technology
[Stock] suffers weak Q1 due to supply chain issues,0.93,Consumer Discretionary
[Stock] posts impressive Q3 profits,1.07,Finance
[Stock] warns of headwinds due to rising raw material costs,0.93,Basic Materials
[Stock] to introduce new product line,1.04,Consumer Discretionary
[Stock] faces regulatory scrutiny,0.92,Health Care
[Stock] reports better than expected earnings,1.05,Technology
[Stock] raises $500m in debt to fund expansion,1.02,Finance
[Stock] announces new sustainability goals,1.03,Utilities
[Stock] reports a sharp increase in quarterly revenue,1.05,Consumer Discretionary
[Stock] hit by major lawsuit,0.91,Miscellaneous
[Stock] faces production halt due to factory fire,0.89,Industrials
[Stock] sees surge in demand for its products,1.05,Consumer Staples
[Stock] raises full-year guidance,1.04,Technology
[Stock] to shut down operations in several countries,0.93,Consumer Discretionary
[Stock] issues profit warning,0.94,Finance
[Stock] to introduce new sustainability initiative,1.03,Utilities
[Stock] faces potential patent infringement lawsuit,0.91,Technology
[Stock] announces plans to hire 2000 new employees,1.03,Consumer Discretionary
[Stock] receives downgrade from major credit rating agency,0.93,Finance
[Stock] signs major contract with government,1.05,Industrials
[Stock] announces quarterly dividends,1.02,Finance
[Stock] to spin-off non-core business unit,1.01,Miscellaneous
[Stock] faces serious cyber security threats,0.89,Technology
[Stock] to invest heavily in digital transformation,1.04,Finance
[Stock] beats earnings estimates,1.05,Consumer Discretionary
[Stock] gets new CEO,1.01,Health Care
[Stock] to cut 5% of global workforce,0.94,Consumer Staples
[Stock] announces multi-billion dollar merger,1.07,Finance
[Stock] faces backlash over environmental concerns,0.95,Energy
[Stock] announces stock buyback program,1.03,Finance
[Stock] to launch new line of electric vehicles,1.05,Consumer Discretionary
[Stock] appoints new CFO,1.01,Technology
[Stock] misses earnings per share estimates,0.96,Consumer Staples
[Stock] announces major operational overhaul,1.02,Industrials
[Stock] to increase investment in cloud computing,1.06,Technology
[Stock] announces successful testing of new drug,1.07,Health Care
[Stock] announces drastic cost cutting measures,0.95,Consumer Discretionary
[Stock] to divest unprofitable business segments,1.01,Finance
[Stock] suspends operations in several countries,0.93,Consumer Staples
[Stock] announces ambitious growth plan,1.05,Technology
[Stock] under threat from increasing competition,0.93,Telecommunications
[Stock] suffers significant damage from natural disaster,0.91,Utilities
[Stock] hit by insider trading allegations,0.9,Finance
[Stock] plans to sell its real estate assets,1.02,Real Estate
[Stock] to lay off employees due to automation,0.93,Technology
[Stock] announces launch of innovative service,1.05,Telecommunications
[Stock] faces regulatory hurdles for new drug,0.93,Health Care
[Stock] announces joint venture with [Stock],1.03,Miscellaneous
[Stock] to streamline operations for efficiency,1.02,Industrials
[Stock] to launch new environmentally friendly product line,1.04,Consumer Discretionary
[Stock] discloses data privacy violation,0.9,Technology
[Stock] to expand operations in Europe,1.03,Consumer Staples
[Stock] plans to merge with [Stock],1.06,Finance
[Stock] records significant increase in Q2 revenue,1.06,Consumer Discretionary
[Stock] issues bonds to fund capital expenditure,1.01,Finance
[Stock] hit by tariff wars,0.91,Industrials
[Stock] to initiate aggressive marketing campaign,1.03,Consumer Discretionary
[Stock] reports a surge in online sales,1.04,Technology
[Stock] warns of slowing sales growth,0.94,Consumer Staples
[Stock] breaks ground on new renewable energy project,1.05,Utilities
[Stock] announces substantial oil discovery,1.06,Energy
[Stock] set to benefit from new trade agreement,1.04,Consumer Staples
[Stock] underperforming due to economic downturn,0.93,Finance
[Stock] to ramp up production,1.03,Industrials
[Stock] launches major R&D initiative,1.03,Technology
[Stock] suffers as exchange rates hit profits,0.94,Consumer Discretionary
[Stock] to make major acquisition,1.05,Finance
[Stock] secures contract for major infrastructure project,1.04,Industrials
[Stock] suffers from CEO's abrupt resignation,0.93,Miscellaneous
[Stock] downgraded by major rating agency,0.93,Finance
[Stock] announces partnership with global e-commerce giant,1.05,Consumer Discretionary
[Stock] receives approval for new medical device,1.06,Health Care
[Stock] invests heavily in robotics,1.04,Technology
[Stock] suffers from high-profile data breach,0.89,Telecommunications
[Stock] acquires rapidly growing tech startup,1.05,Technology
[Stock] faces potential sanctions for non-compliance,0.91,Energy
[Stock] secures major investment from foreign fund,1.03,Finance
[Stock] faces slowdown in China sales,0.94,Consumer Discretionary
[Stock] enters strategic partnership with [Stock],1.02,Miscellaneous
[Stock] announces significant corporate restructuring,1.01,Industrials
[Stock] forecasts earnings beat,1.04,Consumer Staples
[Stock] hit by rising commodity prices,0.92,Consumer Discretionary
[Stock] faces class-action lawsuit,0.91,Finance
[Stock] announces breakthrough in AI technology,1.07,Technology
[Stock] plans significant cost-cutting measures,1.01,Consumer Staples
[Stock] to accelerate shift to renewable energy,1.03,Energy
[Stock] faces allegations of tax evasion,0.9,Finance
[Stock] secures significant military contract,1.05,Industrials
[Stock] faces potential union strike,0.93,Consumer Discretionary
[Stock] forms partnership to enter new markets,1.04,Technology
[Stock] suffers due to new import tariffs,0.92,Consumer Staples
[Stock] announces plan to close manufacturing plants,0.92,Industrials
[Stock] to acquire major competitor,1.06,Consumer Discretionary
[Stock] announces ambitious plans for zero emissions,1.03,Energy
[Stock] faces new competition in key market,0.94,Consumer Staples
[Stock] under scrutiny for potential monopoly practices,0.92,Technology
[Stock] reports robust growth in mobile users,1.05,Telecommunications
[Stock] announces new shareholder-friendly dividend policy,1.03,Finance
[Stock] set to profit from new legislation,1.03,Utilities
[Stock] to scale back operations in Europe,0.94,Consumer Discretionary
[Stock] anticipates higher demand due to demographic trends,1.04,Health Care
[Stock] under pressure from activist shareholders,0.93,Finance
[Stock] to launch new online platform,1.05,Technology
[Stock] receives funding for innovative project,1.03,Utilities
[Stock] to close retail outlets due to online shift,0.95,Consumer Discretionary
[Stock] faces lawsuit over product safety,0.9,Consumer Staples
[Stock] reports surge in quarterly profits,1.07,Finance
[Stock] to expand production capacity amid high demand,1.05,Industrials
[Stock] to venture into AI-based solutions,1.06,Technology
[Stock] under probe for potential anti-competitive behavior,0.91,Telecommunications
[Stock] to launch groundbreaking product,1.06,Consumer Discretionary
[Stock] impacted by Brexit implications,0.94,Finance
[Stock] to acquire renewable energy assets,1.05,Energy
[Stock] forecasts higher profit margins,1.04,Consumer Staples
[Stock] hit by major product recall,0.9,Consumer Discretionary
[Stock] plans to open new retail outlets,1.03,Real Estate
[Stock] to invest in clean energy projects,1.05,Utilities
[Stock] fails to meet sales forecasts,0.94,Consumer Discretionary
[Stock] receives major patent for new technology,1.07,Technology
[Stock] faces regulatory scrutiny over data privacy,0.92,Telecommunications
[Stock] to increase capital expenditure,1.02,Finance
[Stock] plans to raise prices amid inflation,1.03,Consumer Staples
[Stock] reports a slowdown in sales growth,0.95,Consumer Discretionary
[Stock] to sell off major asset,1.01,Finance
[Stock] faces potential legal action over environmental issues,0.91,Energy
[Stock] faces patent infringement lawsuit,0.92,Health Care
[Stock] launches major sustainability initiative,1.05,Consumer Discretionary
[Stock] under investigation for financial irregularities,0.91,Finance
[Stock] initiates major corporate governance reforms,1.02,Miscellaneous
[Stock] announces higher-than-expected quarterly profits,1.06,Finance
[Stock] reports slowdown in e-commerce growth,0.94,Consumer Discretionary
[Stock] faces potential recall over safety concerns,0.91,Consumer Staples
[Stock] secures major deal with global retail chain,1.04,Industrials
[Stock] receives FDA approval for new drug,1.06,Health Care
[Stock] initiates stock split,1.03,Finance
[Stock] announces major layoffs amid restructuring,0.92,Consumer Discretionary
[Stock] to launch new ad campaign,1.02,Consumer Staples
[Stock] to venture into new geographical markets,1.04,Miscellaneous
[Stock] impacted by weak global economic conditions,0.93,Finance
[Stock] receives green light for new project,1.04,Utilities
[Stock] secures major government contract,1.05,Industrials
[Stock] faces supply chain disruptions,0.94,Consumer Staples
[Stock] under fire for controversial advertising campaign,0.91,Consumer Discretionary
[Stock] plans major investments in infrastructure,1.03,Utilities
[Stock] to launch initial public offering (IPO),1.06,Finance
[Stock] to shutter operations in certain regions,0.93,Consumer Discretionary
[Stock] announces new product line,1.03,Consumer Staples
[Stock] upgrades full-year earnings forecast,1.04,Finance
[Stock] suffers major operational glitch,0.91,Technology
[Stock] secures financing for major project,1.03,Utilities
[Stock] signs strategic alliance with [Stock],1.02,Miscellaneous
[Stock] announces plans to cut carbon emissions,1.03,Energy
[Stock] to increase research in AI,1.04,Technology
[Stock] hit by supply chain issues,0.92,Consumer Discretionary
[Stock] faces antitrust scrutiny,0.91,Technology
[Stock] to establish new research and development center,1.04,Health Care
[Stock] announces major executive reshuffle,1.02,Miscellaneous
[Stock] to focus on sustainable sourcing,1.03,Consumer Staples
[Stock] to invest in blockchain technology,1.04,Technology
[Stock] warns of potential earnings miss,0.92,Finance
[Stock] reports strong growth in subscriber base,1.05,Telecommunications
[Stock] to initiate corporate restructuring,1.01,Consumer Discretionary
[Stock] reports disappointing quarterly results,0.94,Consumer Staples
[Stock] to expand in emerging markets,1.04,Finance
[Stock] to introduce new data security measures,1.03,Technology
[Stock] experiences slowdown in sales,0.94,Consumer Discretionary
[Stock] to release next generation product,1.04,Technology
[Stock] acquires minority stake in [Stock],1.02,Finance
[Stock] faces legal action over non-disclosure,0.91,Consumer Staples
[Stock] gets nod for major project,1.04,Industrials
[Stock] to close underperforming stores,0.93,Consumer Discretionary
[Stock] to boost dividend payment,1.02,Finance
[Stock] announces price hike due to increased costs,0.94,Consumer Staples
[Stock] in talks for potential merger,1.05,Finance
[Stock] to undertake major IT system overhaul,1.03,Technology
[Stock] announces layoffs amid slowing sales,0.93,Consumer Discretionary
[Stock] to increase investment in green energy,1.05,Utilities
[Stock] faces regulatory fines,0.91,Finance
[Stock] experiences robust holiday sales,1.05,Consumer Discretionary
[Stock] to implement AI in operations,1.04,Technology
[Stock] hit by new government regulations,0.92,Health Care
[Stock] announces major shift in business strategy,1.03,Finance
[Stock] to pursue digital transformation,1.03,Technology
[Stock] suffers significant cyber-attack,0.9,Consumer Staples
[Stock] to acquire [Stock] in cash and stock deal,1.05,Finance
[Stock] to focus on e-commerce expansion,1.04,Consumer Discretionary
[Stock] reports better than expected Q1 results,1.06,Finance
[Stock] to hire new employees,1.02,Consumer Discretionary
[Stock] faces product quality issues,0.91,Consumer Staples
[Stock] under investigation for possible accounting fraud,0.89,Finance
[Stock] announces new manufacturing facility,1.03,Industrials
[Stock] to collaborate with [Stock] for new project,1.02,Miscellaneous
[Stock] faces higher costs due to tariffs,0.92,Consumer Staples
[Stock] announces promising clinical trial results,1.06,Health Care
[Stock] plans major capital investment,1.03,Finance
[Stock] suffers due to rising labor costs,0.93,Consumer Discretionary
[Stock] to enter into strategic partnership with [Stock],1.03,Technology
[Stock] announces quarterly earnings beat,1.05,Finance
[Stock] faces disruption from new technology,0.93,Consumer Discretionary
[Stock] to build new data centers,1.04,Technology
[Stock] warns of lower than expected profits,0.93,Consumer Staples
[Stock] enters into a joint venture with [Stock],1.02,Miscellaneous
[Stock] to spin off non-core business unit,1.03,Finance
[Stock] sees surge in online sales,1.05,Consumer Discretionary
[Stock] hit by data breach,0.9,Technology
[Stock] to invest heavily in cloud computing,1.04,Technology
[Stock] initiates dividend payout,1.02,Finance
[Stock] to scale back operations,0.93,Consumer Discretionary
[Stock] to roll out new digital platform,1.03,Technology
[Stock] secures multi-million dollar contract,1.04,Industrials
[Stock] faces criticism over labor practices,0.92,Consumer Discretionary
[Stock] secures massive order for products,1.04,Consumer Staples
[Stock] to expand product portfolio,1.03,Consumer Discretionary
[Stock] cuts guidance due to market volatility,0.92,Finance
[Stock] to deploy new business model,1.02,Consumer Discretionary
[Stock] enters new market segment,1.03,Technology
[Stock] sees strong growth in sales,1.05,Consumer Staples
[Stock] to pay major fine for non-compliance,0.9,Finance
[Stock] announces positive preliminary trial results,1.06,Health Care
[Stock] to set up new supply chain management system,1.02,Industrials
[Stock] announces unexpected CEO resignation,0.94,Miscellaneous
[Stock] to expand operations in Asia,1.04,Consumer Discretionary
[Stock] to integrate AI in customer service,1.03,Consumer Staples
[Stock] faces stiff competition in market,0.94,Consumer Discretionary
[Stock] to implement cost-cutting measures,1.01,Finance
[Stock] announces major acquisition,1.05,Finance
[Stock] experiences stock price plunge,0.94,Finance
[Stock] announces plans to go green,1.03,Energy
[Stock] expands operations to new city,1.03,Real Estate
[Stock] to launch new mobile app,1.02,Telecommunications
[Stock] faces backlash for unethical practices,0.91,Miscellaneous
[Stock] to initiate share buyback program,1.03,Finance
[Stock] to venture into e-commerce,1.03,Consumer Discretionary
[Stock] anticipates better than expected earnings,1.04,Finance
[Stock] to increase production due to demand,1.03,Industrials
[Stock] hit by natural disaster,0.91,Utilities
[Stock] initiates a massive recall,0.9,Consumer Staples
[Stock] suffers major data breach,0.9,Technology
[Stock] to increase spending on marketing,1.03,Consumer Discretionary
[Stock] announces breakthrough in product development,1.05,Health Care
[Stock] to streamline operations,1.02,Consumer Discretionary
[Stock] sees boost in market share,1.05,Consumer Staples
[Stock] anticipates downturn due to geopolitical unrest,0.92,Finance
[Stock] to expand digital services,1.04,Technology
[Stock] to invest in advanced manufacturing,1.03,Industrials
[Stock] to refinance debt,1.02,Finance
[Stock] to launch new service line,1.03,Consumer Discretionary
[Stock] to invest in sustainable packaging,1.03,Consumer Staples
[Stock] under investigation by regulatory authorities,0.91,Finance
[Stock] sees surge in demand for products,1.05,Consumer Staples
[Stock] to undertake environmental sustainability measures,1.03,Energy
[Stock] announces restructuring plans,1.02,Consumer Discretionary
[Stock] to launch innovative product,1.03,Technology
[Stock] faces backlash over price hikes,0.93,Consumer Staples
[Stock] to explore strategic alternatives,1.02,Finance
[Stock] to incorporate AI in product development,1.04,Technology
[Stock] announces partnership with [Stock],1.03,Miscellaneous
[Stock] to reduce workforce,0.93,Consumer Discretionary
[Stock] signs major distribution deal,1.04,Consumer Staples
[Stock] to introduce new features in product,1.03,Consumer Discretionary
[Stock] to open new distribution centers,1.03,Industrials
[Stock] announces departure of key executive,0.94,Miscellaneous
[Stock] to invest in cybersecurity,1.03,Technology
[Stock] forecasts revenue growth,1.04,Finance
[Stock] to introduce automation in operations,1.03,Industrials
[Stock] to tap into new customer segments,1.03,Consumer Discretionary
[Stock] to make strategic investment in startup,1.03,Finance
[Stock] faces hurdles in new project,0.92,Industrials
[Stock] to develop new technology,1.04,Technology
[Stock] announces significant cost cuts,1.02,Consumer Discretionary
[Stock] faces potential class action lawsuit,0.92,Finance
[Stock] to upgrade its IT infrastructure,1.03,Technology
[Stock] faces potential hostile takeover,0.95,Finance
[Stock] faces challenges in international markets,0.94,Consumer Discretionary
[Stock] to introduce new marketing strategy,1.02,Consumer Staples
[Stock] to develop new business segment,1.03,Finance
[Stock] announces stock repurchase plan,1.03,Finance
[Stock] faces potential sanctions,0.92,Finance
[Stock] to launch new subscription service,1.04,Consumer Discretionary
[Stock] sees strong demand for new product,1.04,Consumer Staples
[Stock] experiences operational inefficiencies,0.93,Industrials
[Stock] to initiate merger talks with [Stock],1.03,Finance
[Stock] to leverage AI for better customer experience,1.03,Consumer Discretionary
[Stock] to invest in new facilities,1.03,Real Estate
[Stock] reports robust Q2 earnings,1.05,Finance
[Stock] to improve supply chain efficiency,1.03,Consumer Staples
[Stock] to focus on product innovation,1.03,Consumer Discretionary
[Stock] faces allegations of unethical conduct,0.92,Miscellaneous
[Stock] to launch new sustainability initiative,1.03,Energy
[Stock] reports surge in online traffic,1.05,Consumer Discretionary
[Stock] to enter new strategic partnership,1.03,Miscellaneous
[Stock] faces downturn due to market uncertainty,0.93,Finance
[Stock] to open new branches,1.03,Finance
[Stock] to enhance data protection measures,1.03,Technology
[Stock] to debut new product line,1.03,Consumer Staples
[Stock] to close unprofitable stores,0.93,Consumer Discretionary
[Stock] to consolidate operations,1.02,Consumer Discretionary
[Stock] to boost investment in research and development,1.04,Health Care
[Stock] faces controversy over advertising campaign,0.93,Consumer Discretionary
[Stock] to adopt new software platform,1.03,Technology
[Stock] to implement ESG policies,1.03,Finance
[Stock] anticipates revenue decline due to supply chain issues,0.93,Consumer Discretionary
[Stock] to leverage big data for strategic decisions,1.03,Technology
[Stock] to open new manufacturing plant,1.04,Industrials
[Stock] to diversify portfolio,1.03,Finance
[Stock] to close down divisions,0.93,Miscellaneous
[Stock] to enter into an alliance with [Stock],1.03,Miscellaneous
[Stock] to invest in renewable energy,1.03,Energy
[Stock] to lay off staff,0.93,Miscellaneous
[Stock] to undergo leadership change,1.01,Miscellaneous
[Stock] to introduce new pricing strategy,1.02,Consumer Discretionary
[Stock] to initiate sustainability drive,1.03,Energy
[Stock] announces profit warnings,0.94,Finance
[Stock] to explore market opportunities,1.03,Finance
[Stock] experiences growth in customer base,1.05,Consumer Discretionary
[Stock] to undertake restructuring,1.02,Consumer Discretionary
[Stock] to adopt green energy solutions,1.03,Energy
[Stock] to increase focus on customer satisfaction,1.03,Consumer Discretionary
[Stock] to ramp up research and development efforts,1.04,Health Care
[Stock] faces backlash over customer service,0.92,Consumer Discretionary
[Stock] to enhance product features,1.03,Technology
[Stock] to refocus business strategy,1.02,Finance
[Stock] to reduce carbon emissions,1.03,Energy
[Stock] to invest in digital transformation,1.03,Technology
[Stock] to launch IPO,1.04,Finance
[Stock] to invest in e-sports,1.03,Consumer Discretionary
[Stock] to acquire [Stock],1.05,Finance
[Stock] to expand R&D department,1.03,Health Care
[Stock] to strengthen supply chain,1.03,Industrials
[Stock] to reduce operational costs,1.02,Consumer Discretionary
[Stock] to launch new software,1.03,Technology
[Stock] to embark on strategic rebranding,1.02,Consumer Discretionary
[Stock] to invest in automation,1.03,Industrials
[Stock] to improve customer service,1.03,Consumer Discretionary
[Stock] to focus on sustainability,1.03,Energy
[Stock] to increase dividend payout,1.03,Finance
[Stock] to undertake a large-scale digitalization process,1.04,Technology
[Stock] to launch new promotional campaign,1.03,Consumer Discretionary
[Stock] to debut on stock exchange,1.04,Finance
[Stock] to develop new revenue streams,1.03,Finance
[Stock] to revamp management team,1.02,Miscellaneous
[Stock] to launch new product range,1.03,Consumer Staples
[Stock] to target new demographic,1.03,Consumer Discretionary
[Stock] to cut operational expenses,1.02,Finance
[Stock] to focus on digital marketing,1.03,Consumer Discretionary
[Stock] faces legal action,0.92,Finance
[Stock] to invest in logistic infrastructure,1.03,Industrials
[Stock] to increase focus on AI technology,1.04,Technology
[Stock] to introduce new business strategy,1.03,Finance
[Stock] to focus on customer retention,1.03,Consumer Discretionary
[Stock] to roll out new e-commerce platform,1.03,Technology
[Stock] faces issues in project execution,0.92,Industrials
[Stock] to launch corporate social responsibility initiatives,1.03,Miscellaneous
[Stock] to restructure debt,1.02,Finance
[Stock] to relocate headquarters,1.02,Real Estate
[Stock] to partner with [Stock] for product development,1.03,Miscellaneous
[Stock] faces data privacy concerns,0.92,Technology
[Stock] to adopt new technology platform,1.03,Technology
[Stock] to increase R&D investment,1.03,Health Care
[Stock] to undertake cost optimization initiatives,1.02,Finance
[Stock] to launch new business line,1.03,Consumer Discretionary
[Stock] to close non-performing stores,0.93,Consumer Discretionary
[Stock] to adopt agile working methods,1.03,Technology
[Stock] to focus on organic growth,1.03,Finance
[Stock] announces layoffs,0.93,Miscellaneous
[Stock] to increase investment in sustainability,1.03,Energy
[Stock] to increase ad spending,1.03,Consumer Discretionary
[Stock] to acquire new assets,1.03,Finance
[Stock] to expand in European market,1.03,Consumer Discretionary
[Stock] to focus on high growth segments,1.03,Finance
[Stock] to increase focus on cybersecurity,1.03,Technology
[Stock] to expand production facilities,1.03,Industrials
[Stock] to undergo corporate restructuring,1.02,Consumer Discretionary
[Stock] to focus on digital channels,1.03,Consumer Discretionary
[Stock] to launch new retail format,1.03,Consumer Discretionary
[Stock] to accelerate digitization efforts,1.04,Technology
[Stock] to acquire [Stock] in a merger deal,1.04,Finance
[Stock] to innovate product line,1.03,Consumer Staples
[Stock] to increase investment in AI,1.03,Technology
[Stock] to divest non-core business,1.03,Finance
[Stock] to expand in Asian market,1.03,Consumer Discretionary
[Stock] to face a class-action lawsuit,0.92,Finance
[Stock] to focus on diversity and inclusion,1.03,Miscellaneous
[Stock] to initiate share buyback,1.03,Finance
[Stock] to launch new strategic plan,1.03,Finance
[Stock] to collaborate with [Stock] for new venture,1.03,Miscellaneous
[Stock] to introduce new sustainability initiatives,1.03,Energy
[Stock] to launch new marketing strategy,1.03,Consumer Discretionary
[Stock] to initiate capital raising,1.03,Finance
[Stock] to invest in staff training,1.03,Miscellaneous
[Stock] to prioritize digital innovation,1.03,Technology
[Stock] to introduce new management system,1.02,Miscellaneous
[Stock] to implement new HR policies,1.03,Miscellaneous
[Stock] to focus on revenue growth,1.03,Finance
[Stock] to debut on NASDAQ,1.04,Finance
[Stock] to increase market share,1.03,Consumer Discretionary
[Stock] to invest in customer experience,1.03,Consumer Discretionary
[Stock] to open new stores,1.03,Consumer Discretionary
[Stock] to face regulatory investigation,0.92,Finance
[Stock] to ramp up marketing efforts,1.03,Consumer Discretionary
[Stock] to invest in innovation,1.03,Technology
[Stock] to streamline supply chain,1.03,Industrials
[Stock] to expand customer base,1.03,Consumer Discretionary
[Stock] to face union strike,0.92,Industrials
[Stock] to explore new markets,1.03,Finance
[Stock] to invest in cloud computing,1.03,Technology
[Stock] to revamp business model,1.02,Finance
[Stock] to adopt AI in operations,1.03,Technology
[Stock] to reduce environmental impact,1.03,Energy
[Stock] to invest in 5G technology,1.03,Technology
[Stock] to face competitive pressure,0.92,Consumer Discretionary
[Stock] to invest in product development,1.03,Consumer Staples
[Stock] to expand operations,1.03,Industrials
[Stock] to face legal issues,0.92,Finance
[Stock] to expand digital offerings,1.03,Consumer Discretionary
[Stock] to invest in staff development,1.03,Miscellaneous
[Stock] to strengthen corporate governance,1.03,Finance
[Stock] to face cybersecurity threats,0.92,Technology
[Stock] to focus on growth strategy,1.03,Finance
[Stock] to optimize resource allocation,1.02,Finance
[Stock] to invest in employee benefits,1.03,Miscellaneous
[Stock] to focus on profitability,1.03,Finance
[Stock] to launch new products,1.03,Consumer Staples
[Stock] to face disruption due to labor strike,0.92,Industrials
[Stock] to focus on digital transformation,1.03,Technology
[Stock] to expand global footprint,1.03,Consumer Discretionary
[Stock] to adopt new business model,1.02,Finance
[Stock] to invest in research,1.03,Health Care
[Stock] to prioritize customer satisfaction,1.03,Consumer Discretionary
[Stock] to lay off a portion of its workforce,0.93,Miscellaneous
[Stock] to improve operational efficiency,1.03,Consumer Discretionary
[Stock] to collaborate with [Stock] for new product launch,1.03,Miscellaneous
[Stock] to invest in supply chain management,1.03,Industrials
[Stock] to face a regulatory audit,0.92,Finance
[Stock] to enhance digital capabilities,1.03,Technology
[Stock] to invest in renewable resources,1.03,Energy
[Stock] to focus on ESG compliance,1.03,Finance
[Stock] to increase investment in marketing,1.03,Consumer Discretionary
[Stock] to launch new digital platform,1.03,Technology
[Stock] to explore strategic partnerships,1.03,Finance
[Stock] to face potential antitrust lawsuits,0.92,Finance
[Stock] to enhance product quality,1.03,Consumer Staples
[Stock] to optimize operational processes,1.02,Consumer Discretionary
[Stock] to invest in logistics,1.03,Industrials
[Stock] to face a product recall,0.93,Consumer Staples
[Stock] to undertake digital initiatives,1.03,Technology
[Stock] to focus on customer engagement,1.03,Consumer Discretionary
[Stock] to revamp product portfolio,1.03,Consumer Staples
[Stock] to explore merger and acquisition opportunities,1.03,Finance
[Stock] to increase investment in logistics,1.03,Industrials
[Stock] to debut on NYSE,1.04,Finance
[Stock] to launch new service,1.03,Consumer Discretionary
[Stock] to increase investment in technology,1.03,Technology
[Stock] to close certain facilities,0.93,Consumer Discretionary
[Stock] to face scrutiny over data breach,0.92,Technology
[Stock] to undertake corporate social responsibility activities,1.03,Miscellaneous
[Stock] to adopt new operational strategy,1.02,Finance
[Stock] to enter new markets,1.03,Consumer Discretionary
[Stock] to enhance customer service,1.03,Consumer Discretionary
[Stock] to invest in production capacity,1.03,Industrials
[Stock] to face issues with product quality,0.93,Consumer Staples
[Stock] to invest in new technologies,1.03,Technology
[Stock] to initiate new project,1.03,Industrials
[Stock] to revamp customer experience,1.03,Consumer Discretionary
[Stock] to face labor disputes,0.92,Industrials
[Stock] to launch new website,1.03,Consumer Discretionary
[Stock] to implement sustainability measures,1.03,Energy
[Stock] to focus on market expansion,1.03,Consumer Discretionary
[Stock] to undergo management reshuffle,1.02,Miscellaneous
[Stock] to face financial audit,0.92,Finance
[Stock] to focus on product quality,1.03,Consumer Staples
[Stock] to enhance security measures,1.03,Technology
[Stock] to focus on operational efficiency,1.03,Consumer Discretionary
[Stock] to face new competition,0.92,Consumer Discretionary
[Stock] to focus on brand positioning,1.03,Consumer Discretionary
[Stock] to invest in facility expansion,1.03,Industrials
[Stock] to collaborate with [Stock] for tech advancement,1.03,Technology
[Stock] to focus on workforce development,1.03,Miscellaneous
[Stock] to explore new business opportunities,1.03,Finance
[Stock] to face shareholder lawsuits,0.92,Finance
[Stock] to increase R&D investments,1.03,Technology
[Stock] to enhance delivery services,1.03,Consumer Discretionary
[Stock] to revamp its supply chain,1.03,Industrials
[Stock] to implement new sustainability standards,1.03,Energy
[Stock] to diversify product offerings,1.03,Consumer Staples
[Stock] to strengthen its distribution network,1.03,Consumer Discretionary
[Stock] to face patent infringement lawsuit,0.92,Technology
[Stock] to invest in employee wellness programs,1.03,Miscellaneous
[Stock] to focus on strategic partnerships,1.03,Finance
[Stock] to optimize its product line,1.02,Consumer Staples
[Stock] to initiate a restructuring plan,1.02,Finance
[Stock] to face potential data privacy issues,0.92,Technology
[Stock] to explore new partnerships,1.03,Finance
[Stock] to introduce new customer loyalty program,1.03,Consumer Discretionary
[Stock] to strengthen its digital platform,1.03,Technology
[Stock] to face regulatory fines,0.92,Finance
[Stock] to face environmental lawsuits,0.92,Energy
[Stock] to upgrade technology infrastructure,1.03,Technology
[Stock] to prioritize sustainable growth,1.03,Finance
[Stock] to face challenges in supply chain,0.92,Industrials
[Stock] to invest in ecommerce capabilities,1.03,Consumer Discretionary
[Stock] to launch new pricing strategy,1.02,Finance
[Stock] to face revenue declines,0.92,Finance
[Stock] to explore innovative solutions,1.03,Technology
[Stock] to face financial difficulties,0.92,Finance
[Stock] to prioritize stakeholder engagement,1.03,Finance
[Stock] to enhance ecommerce platform,1.03,Consumer Discretionary
[Stock] to undertake digital upgrades,1.03,Technology
[Stock] to face product safety concerns,0.93,Consumer Staples
[Stock] to expand into emerging markets,1.03,Finance
[Stock] to improve product delivery,1.03,Consumer Discretionary
[Stock] to face workforce reductions,0.93,Miscellaneous
[Stock] to invest in new product line,1.03,Consumer Staples
[Stock] to focus on cost reduction,1.02,Finance
[Stock] to face potential bankruptcy,0.92,Finance
[Stock] to increase investment in sustainable practices,1.03,Energy
[Stock] to strengthen online presence,1.03,Consumer Discretionary
[Stock] to face potential tax issues,0.92,Finance
[Stock] to launch new advertising campaign,1.03,Consumer Discretionary
[Stock] to expand sales team,1.03,Consumer Discretionary
[Stock] to face potential merger issues,0.92,Finance
[Stock] to enhance in-store customer experience,1.03,Consumer Discretionary
[Stock] to expand production capacity,1.03,Industrials
[Stock] to face issues with supplier,0.93,Industrials
[Stock] to focus on market penetration,1.03,Consumer Discretionary
[Stock] to invest in clean energy,1.03,Energy
[Stock] to face pricing pressure,0.92,Consumer Staples
[Stock] to introduce new technology,1.03,Technology
[Stock] to invest in employee training,1.03,Miscellaneous
[Stock] to focus on customer acquisition,1.03,Consumer Discretionary
[Stock] to face potential lawsuits,0.92,Finance
[Stock] to initiate dividend payment,1.03,Finance
[Stock] to focus on carbon footprint reduction,1.03,Energy
[Stock] to introduce new operational processes,1.02,Consumer Discretionary
[Stock] to adopt machine learning in operations,1.03,Technology
[Stock] to face potential legal action,0.92,Finance
[Stock] to enhance manufacturing processes,1.03,Industrials
[Stock] to undertake new expansion project,1.03,Consumer Discretionary
[Stock] to invest in manufacturing facilities,1.03,Industrials
[Stock] to face potential labor issues,0.92,Industrials
[Stock] to adopt new marketing strategy,1.03,Consumer Discretionary
[Stock] to launch new brand,1.03,Consumer Discretionary
[Stock] to face potential compliance issues,0.92,Finance
[Stock] to explore overseas market,1.03,Consumer Discretionary
[Stock] to enhance online platform,1.03,Consumer Discretionary
[Stock] to face potential de-listing,0.92,Finance
[Stock] to prioritize sustainable practices,1.03,Energy
[Stock] to face product demand issues,0.93,Consumer Staples
[Stock] to increase production capabilities,1.03,Industrials
[Stock] to face government investigation,0.92,Finance
[Stock] to enhance product range,1.03,Consumer Staples
[Stock] to focus on market differentiation,1.03,Consumer Discretionary
[Stock] to increase investment in infrastructure,1.03,Industrials
[Stock] to introduce new customer service initiatives,1.03,Consumer Discretionary
[Stock] to face product development challenges,0.93,Consumer Staples
[Stock] to enhance customer relationship management,1.03,Consumer Discretionary
[Stock] to initiate strategic divestiture,1.02,Finance
[Stock] to launch new sustainability campaign,1.03,Energy
[Stock] to face scrutiny over ethical practices,0.92,Finance
[Stock] to focus on market share growth,1.03,Consumer Discretionary
[Stock] to adopt advanced analytics,1.03,Technology
[Stock] to face potential antitrust issues,0.92,Finance
[Stock] to enhance data security,1.03,Technology
[Stock] to face product recall issues,0.93,Consumer Staples
[Stock] to focus on social responsibility initiatives,1.03,Miscellaneous
[Stock] to explore new revenue streams,1.03,Finance
[Stock] to face potential investor concerns,0.92,Finance
[Stock] to expand retail presence,1.03,Consumer Discretionary
[Stock] to launch corporate social responsibility campaign,1.03,Miscellaneous
[Stock] to face market volatility,0.92,Finance
[Stock] to enhance quality control,1.03,Consumer Staples
[Stock] to improve logistical efficiency,1.03,Industrials
[Stock] to face potential employee strikes,0.92,Miscellaneous
[Stock] to focus on innovation,1.03,Technology
[Stock] to face potential public backlash,0.92,Miscellaneous
[Stock] to expand into new markets,1.03,Consumer Discretionary
[Stock] to increase investment in research,1.03,Technology
[Stock] to face changes in leadership,1.02,Miscellaneous
[Stock] to enhance user interface,1.03,Technology
[Stock] to face potential regulatory concerns,0.92,Finance
[Stock] to invest in AI capabilities,1.03,Technology
[Stock] to face supply chain disruptions,0.93,Industrials
[Stock] to focus on talent acquisition,1.03,Miscellaneous
[Stock] to face potential earnings shortfall,0.92,Finance
[Stock] to invest in business intelligence tools,1.03,Technology
[Stock] to introduce new sales strategy,1.03,Consumer Discretionary
[Stock] to face potential stock dilution,0.92,Finance
[Stock] to enhance supply chain transparency,1.03,Industrials
[Stock] to expand distribution channels,1.03,Consumer Discretionary
[Stock] to face legal challenges,0.92,Finance
[Stock] to launch new mobile application,1.03,Technology
[Stock] to face potential product liability issues,0.93,Consumer Staples
[Stock] to adopt cloud computing solutions,1.03,Technology
[Stock] to face potential credit risk,0.92,Finance
[Stock] to launch new service offerings,1.03,Consumer Discretionary
[Stock] to enhance employee benefits,1.03,Miscellaneous
[Stock] to face potential brand damage,0.92,Consumer Discretionary
[Stock] to optimize operational performance,1.03,Consumer Discretionary
[Stock] to explore merger opportunities,1.03,Finance
[Stock] to face potential fraud allegations,0.92,Finance
[Stock] to launch new customer engagement initiatives,1.03,Consumer Discretionary
[Stock] to invest in talent development,1.03,Miscellaneous
[Stock] to focus on competitive positioning,1.03,Consumer Discretionary
[Stock] to face potential insider trading investigations,0.92,Finance
[Stock] to improve operational effectiveness,1.03,Consumer Discretionary
[Stock] to explore acquisitions,1.03,Finance
[Stock] to face potential litigation,0.92,Finance
[Stock] to launch new product line,1.03,Consumer Staples
[Stock] to initiate cost cutting measures,1.03,Finance
[Stock] to face customer dissatisfaction,0.93,Consumer Discretionary
[Stock] to face potential financial misconduct,0.92,Finance
[Stock] to focus on value proposition,1.03,Consumer Discretionary
[Stock] to face competition,0.92,Consumer Discretionary
[Stock] to focus on customer satisfaction,1.03,Consumer Discretionary
[Stock] to introduce new ecommerce strategy,1.03,Consumer Discretionary
[Stock] to face operational challenges,0.93,Consumer Discretionary
[Stock] to face potential regulatory violations,0.92,Finance
[Stock] to introduce new business model,1.03,Finance
[Stock] to face potential contractual disputes,0.92,Finance
[Stock] to increase production,1.03,Industrials
[Stock] to face workforce issues,0.93,Miscellaneous
[Stock] to face potential bankruptcy proceedings,0.92,Finance
[Stock] to focus on cost management,1.03,Finance
[Stock] to strengthen market presence,1.03,Consumer Discretionary
[Stock] to face potential corporate governance issues,0.92,Finance
[Stock] to initiate buyback program,1.03,Finance
[Stock] to face potential accounting irregularities,0.92,Finance
[Stock] to face potential ethical issues,0.92,Miscellaneous
[Stock] to expand market reach,1.03,Consumer Discretionary
[Stock] to focus on customer loyalty,1.03,Consumer Discretionary
[Stock] to face potential legal issues,0.92,Finance
[Stock] to enhance operational efficiency,1.03,Consumer Discretionary
[Stock] to face potential import/export restrictions,0.92,Industrials
[Stock] to face potential market risks,0.92,Finance
[Stock] to adopt new sales tactics,1.03,Consumer Discretionary
[Stock] to focus on supply chain management,1.03,Industrials
[Stock] to face potential business interruption,0.92,Miscellaneous
[Stock] to enhance marketing efforts,1.03,Consumer Discretionary
[Stock] to face potential operational risks,0.93,Consumer Discretionary
[Stock] to invest in infrastructure,1.03,Industrials
[Stock] to face potential environmental concerns,0.92,Miscellaneous
[Stock] to focus on product differentiation,1.03,Consumer Discretionary
[Stock] to face potential reputation damage,0.92,Consumer Discretionary
[Stock] to focus on ecommerce growth,1.03,Consumer Discretionary
[Stock] to face potential data breaches,0.92,Technology
[Stock] to improve manufacturing processes,1.03,Industrials
[Stock] to face potential trade restrictions,0.92,Industrials
[Stock] to focus on sustainable practices,1.03,Miscellaneous
[Stock] to introduce new marketing campaign,1.03,Consumer Discretionary
[Stock] to face potential financial risks,0.92,Finance
[Stock] to expand into new industries,1.03,Miscellaneous
[Stock] to focus on employee engagement,1.03,Miscellaneous
[Stock] to face potential privacy concerns,0.92,Technology
[Stock] to improve distribution efficiency,1.03,Consumer Discretionary
[Stock] to face potential economic uncertainties,0.92,Finance
[Stock] to face potential pricing pressure,0.92,Consumer Discretionary
[Stock] to explore IPO opportunities,1.03,Finance
[Stock] to face potential supply chain issues,0.93,Industrials
[Stock] to face potential customer complaints,0.93,Consumer Discretionary
[Stock] to focus on R&D,1.03,Technology
[Stock] to face potential patent issues,0.93,Technology
[Stock] to explore diversification strategies,1.03,Finance
[Stock] to face potential legal liabilities,0.92,Finance
[Stock] to enhance corporate social responsibility efforts,1.03,Miscellaneous
[Stock] to face potential antitrust litigation,0.92,Finance
[Stock] to introduce new brand strategy,1.03,Consumer Discretionary
[Stock] to face potential market volatility,0.92,Finance
[Stock] to explore joint ventures,1.03,Finance
[Stock] to face potential human rights issues,0.92,Miscellaneous
[Stock] to face potential business continuity issues,0.92,Miscellaneous
[Stock] to face potential governance issues,0.92,Finance
[Stock] to enhance customer experience,1.03,Consumer Discretionary
[Stock] to face potential product quality issues,0.93,Consumer Staples
[Stock] to focus on diversification,1.03,Finance
[Stock] to face potential shareholder activism,0.92,Finance
[Stock] to explore green energy opportunities,1.03,Utilities
[Stock] to face potential tax liabilities,0.92,Finance
[Stock] to launch new digital products,1.03,Technology
[Stock] to face potential competitive threats,0.92,Consumer Discretionary
[Stock] to focus on talent retention,1.03,Miscellaneous
[Stock] to face potential regulatory scrutiny,0.92,Finance
[Stock] to enhance logistics capabilities,1.03,Industrials
[Stock] to face potential market share loss,0.92,Consumer Discretionary
[Stock] to launch new sustainability initiatives,1.03,Miscellaneous
[Stock] to face potential operational inefficiencies,0.93,Consumer Discretionary
[Stock] to face potential employee dissatisfaction,0.92,Miscellaneous
[Stock] to face potential security threats,0.92,Technology
[Stock] to face potential brand dilution,0.92,Consumer Discretionary
[Stock] to face potential financial instability,0.92,Finance
[Stock] to face potential safety issues,0.93,Consumer Discretionary
[Stock] to face potential strategic missteps,0.92,Finance
[Stock] to invest in innovative solutions,1.03,Technology
[Stock] to face potential ethical concerns,0.92,Miscellaneous
[Stock] to focus on customer needs,1.03,Consumer Discretionary
[Stock] to face potential fraud risks,0.92,Finance
[Stock] to enhance customer relations,1.03,Consumer Discretionary
[Stock] to face potential data security issues,0.92,Technology
[Stock] to focus on sustainable operations,1.03,Miscellaneous
[Stock] to face potential production issues,0.93,Industrials
[Stock] to introduce new service offerings,1.03,Consumer Discretionary
[Stock] to face potential liability issues,0.92,Finance
[Stock] to invest in growth opportunities,1.03,Finance
[Stock] to face potential environmental regulations,0.92,Miscellaneous
[Stock] to face potential reputational risks,0.92,Miscellaneous
[Stock] to face potential compliance risks,0.92,Finance
[Stock] to face potential economic risks,0.92,Finance
[Stock] to enhance productivity,1.03,Industrials
[Stock] to face potential labor disputes,0.92,Miscellaneous
[Stock] to introduce new operational strategy,1.03,Consumer Discretionary
[Stock] to face potential corporate scandals,0.92,Finance
[Stock] to enhance brand recognition,1.03,Consumer Discretionary
[Stock] to face potential stock manipulation,0.92,Finance
[Stock] to invest in customer relationship management,1.03,Consumer Discretionary
[Stock] to face potential corruption allegations,0.92,Finance
[Stock] to explore partnership opportunities,1.03,Finance
[Stock] to face potential IP infringement issues,0.92,Technology
[Stock] to invest in data analytics,1.03,Technology
[Stock] to face potential cyber security risks,0.92,Technology
[Stock] to face potential market downturn,0.92,Finance
[Stock] to invest in automation technologies,1.03,Industrials
[Stock] to face potential M&A challenges,0.92,Finance
[Stock] to face potential political risks,0.92,Miscellaneous
[Stock] to face potential economic downturn,0.92,Finance
[Stock] to face potential insider trading issues,0.92,Finance
[Stock] to face potential market saturation,0.92,Consumer Discretionary
[Stock] to focus on sustainable growth,1.03,Miscellaneous
[Stock] to face potential competitive pressures,0.92,Consumer Discretionary
[Stock] to face potential risk management issues,0.92,Finance
[Stock] to expand international presence,1.03,Consumer Discretionary
[Stock] to face potential industry disruption,0.92,Technology
[Stock] to face potential litigation risks,0.92,Finance
[Stock] to improve logistics efficiency,1.03,Industrials
[Stock] to face potential recessionary impacts,0.92,Finance
[Stock] to explore new market opportunities,1.03,Finance
[Stock] to face potential cybersecurity threats,0.92,Technology
[Stock] to enhance supply chain management,1.03,Industrials
[Stock] to face potential competitive disadvantages,0.92,Consumer Discretionary
[Stock] to focus on corporate governance,1.03,Finance
[Stock] to invest in R&D capabilities,1.03,Technology
[Stock] to improve product quality,1.03,Consumer Staples
[Stock] to face potential lawsuit threats,0.92,Finance
[Stock] to explore strategic acquisitions,1.03,Finance
[Stock] to face potential sustainability challenges,0.92,Miscellaneous
[Stock] to face potential financial audit issues,0.92,Finance
[Stock] to explore digital marketing strategies,1.03,Consumer Discretionary
[Stock] to face potential regulatory compliance issues,0.92,Finance
[Stock] to launch new tech-driven services,1.03,Technology
[Stock] to face potential economic instability,0.92,Finance
[Stock] to enhance ESG efforts,1.03,Miscellaneous
[Stock] to face potential anti-competitive behaviour,0.92,Finance
[Stock] to focus on digital engagement,1.03,Consumer Discretionary
[Stock] to face potential reputational damage from scandal,0.92,Miscellaneous
[Stock] to introduce new product innovations,1.03,Consumer Discretionary
[Stock] to face potential geopolitical risks,0.92,Miscellaneous
[Stock] to face potential supply chain disruptions,0.93,Industrials
[Stock] to invest in AI technologies,1.03,Technology
[Stock] to face potential financial mismanagement,0.92,Finance
[Stock] to enhance social media presence,1.03,Consumer Discretionary
[Stock] to invest in cloud technologies,1.03,Technology
[Stock] to face potential ethical controversies,0.92,Miscellaneous
[Stock] to focus on user experience,1.03,Technology
[Stock] to introduce new pricing model,1.03,Consumer Discretionary
[Stock] to face potential data privacy concerns,0.92,Technology
[Stock] to invest in sustainability,1.03,Miscellaneous
[Stock] to face potential credit risks,0.92,Finance
[Stock] to focus on business development,1.03,Finance
[Stock] to face potential risk of defaults,0.92,Finance
[Stock] to face potential corporate debt issues,0.92,Finance
[Stock] to introduce new distribution channels,1.03,Consumer Discretionary
[Stock] to face potential market instability,0.92,Finance
[Stock] to enhance customer loyalty,1.03,Consumer Discretionary
[Stock] to face potential contractual issues,0.92,Finance
[Stock] to focus on data security,1.03,Technology
[Stock] to face potential downsizing,0.92,Miscellaneous
[Stock] to invest in customer service improvement,1.03,Consumer Discretionary
[Stock] to face potential global trade conflicts,0.92,Miscellaneous
[Stock] to focus on organizational restructuring,1.03,Miscellaneous
[Stock] to face potential bankruptcy issues,0.92,Finance
[Stock] to face potential exchange rate risks,0.92,Finance
[Stock] to explore online retail opportunities,1.03,Consumer Discretionary
[Stock] to face potential quality control issues,0.93,Consumer Staples
[Stock] to enhance brand image,1.03,Consumer Discretionary
[Stock] to face potential labor strike,0.92,Miscellaneous
[Stock] to explore mobile marketing strategies,1.03,Consumer Discretionary
[Stock] to face potential unfair trade practice allegations,0.92,Finance
[Stock] to launch new ecommerce site,1.03,Consumer Discretionary
[Stock] to face potential management issues,0.92,Finance
[Stock] to enhance digital customer experience,1.03,Consumer Discretionary
[Stock] to face potential regulatory fines,0.92,Finance
[Stock] to focus on data privacy,1.03,Technology
[Stock] to face potential inflation risks,0.92,Finance
[Stock] to enhance digital transformation efforts,1.03,Technology
[Stock] to face potential business ethics violations,0.92,Miscellaneous
[Stock] to invest in market research,1.03,Finance
[Stock] to focus on online sales,1.03,Consumer Discretionary
[Stock] to face potential corporate restructuring,0.92,Finance
[Stock] to introduce new partnerships,1.03,Finance
[Stock] to face potential currency exchange risks,0.92,Finance
[Stock] to focus on new technology adoption,1.03,Technology
[Stock] to face potential business model challenges,0.92,Finance
[Stock] to improve online user experience,1.03,Technology
[Stock] to face potential dividend cut,0.92,Finance
[Stock] to face potential patent infringement,0.92,Technology
[Stock] to invest in green technologies,1.03,Technology
[Stock] to face potential balance sheet issues,0.92,Finance
[Stock] to enhance B2B marketing strategies,1.03,Finance
[Stock] to face potential asset depreciation,0.92,Finance
[Stock] to enhance customer support,1.03,Consumer Discretionary
[Stock] to face potential shareholder disputes,0.92,Finance
[Stock] to invest in digital customer service,1.03,Consumer Discretionary
[Stock] to face potential product recall issues,0.92,Consumer Staples
[Stock] to face potential economic slowdown,0.92,Finance
[Stock] to face potential conflicts of interest,0.92,Finance
[Stock] to enhance digital marketing,1.03,Consumer Discretionary
[Stock] to face potential interest rate risk,0.92,Finance
[Stock] to invest in IoT technologies,1.03,Technology
[Stock] to face potential stock market volatility,0.92,Finance
[Stock] to enhance product development,1.03,Consumer Discretionary
[Stock] to face potential human resource issues,0.92,Miscellaneous
[Stock] to introduce AI-driven customer service,1.03,Technology
[Stock] to face potential financial market risks,0.92,Finance
[Stock] to invest in customer loyalty programs,1.03,Consumer Discretionary
[Stock] to face potential PR crisis,0.92,Miscellaneous
[Stock] to enhance digital innovation,1.03,Technology
[Stock] to face potential corporate fraud,0.92,Finance
[Stock] to focus on strategic alliances,1.03,Finance
[Stock] to face potential anti-trust issues,0.92,Finance
[Stock] to improve sales strategies,1.03,Consumer Discretionary
[Stock] to face potential reputational risk,0.92,Miscellaneous
[Stock] to introduce new payment methods,1.03,Technology
[Stock] to face potential tax evasion allegations,0.92,Finance
[Stock] to invest in CRM capabilities,1.03,Technology
[Stock] to face potential liquidity risk,0.92,Finance
[Stock] to focus on strategic planning,1.03,Finance
[Stock] to face potential business disruption,0.92,Miscellaneous
[Stock] to face potential market competition,0.92,Consumer Discretionary
[Stock] to enhance cybersecurity measures,1.03,Technology
[Stock] to face potential corporate transparency issues,0.92,Finance
[Stock] to introduce new business strategies,1.03,Finance
[Stock] to face potential economic recession,0.92,Finance
[Stock] to face potential price volatility,0.92,Finance
[Stock] to explore digital advertising strategies,1.03,Consumer Discretionary
[Stock] to enhance brand reputation,1.03,Consumer Discretionary
[Stock] to face potential financial misreporting,0.92,Finance
[Stock] to invest in customer experience improvements,1.03,Consumer Discretionary
[Stock] to face potential workforce challenges,0.92,Miscellaneous
[Stock] to enhance product quality assurance,1.03,Consumer Staples
[Stock] to face potential investment risks,0.92,Finance
[Stock] to focus on diversification strategies,1.03,Finance
[Stock] to face potential customer churn,0.92,Consumer Discretionary
[Stock] to invest in new product development,1.03,Consumer Staples
[Stock] to face potential debt restructuring,0.92,Finance
[Stock] to explore growth strategies,1.03,Finance
[Stock] to face potential industry regulations,0.92,Miscellaneous
[Stock] to face potential accounting issues,0.92,Finance
[Stock] to introduce new digital services,1.03,Technology
[Stock] to face potential investor confidence issues,0.92,Finance
[Stock] to enhance competitive advantage,1.03,Consumer Discretionary
[Stock] to face potential trade regulation issues,0.92,Miscellaneous
[Stock] to focus on strategic growth,1.03,Finance
[Stock] to face potential debt issues,0.92,Finance
[Stock] to enhance product innovation,1.03,Consumer Staples
[Stock] to invest in digital platforms,1.03,Technology
[Stock] to face potential changes in leadership,0.92,Miscellaneous
[Stock] to focus on product diversification,1.03,Consumer Discretionary
[Stock] to face potential litigation costs,0.92,Finance
[Stock] to invest in customer analytics,1.03,Technology
[Stock] to face potential strategic planning issues,0.92,Finance
[Stock] to introduce new CSR initiatives,1.03,Miscellaneous
[Stock] to face potential antitrust violations,0.92,Finance
[Stock] to enhance customer acquisition strategies,1.03,Consumer Discretionary
[Stock] to face potential operational efficiency issues,0.92,Industrials
[Stock] to improve data management strategies,1.03,Technology
[Stock] to face potential political risk,0.92,Finance
[Stock] to introduce new sales channels,1.03,Consumer Discretionary
[Stock] to face potential management changes,0.92,Miscellaneous
[Stock] to invest in research and development,1.03,Technology
[Stock] to face potential risk of delisting,0.92,Finance
[Stock] to enhance e-commerce presence,1.03,Consumer Discretionary
[Stock] to face potential merger and acquisition issues,0.92,Finance
[Stock] to invest in data security measures,1.03,Technology
[Stock] to face potential competition from new entrants,0.92,Consumer Discretionary
[Stock] to introduce new e-commerce strategies,1.03,Consumer Discretionary
[Stock] to enhance product safety measures,1.03,Consumer Staples
[Stock] to face potential market manipulation allegations,0.92,Finance
[Stock] to invest in new markets,1.03,Finance
[Stock] to face potential trade tariff issues,0.92,Finance
[Stock] to improve distribution strategies,1.03,Consumer Discretionary
[Stock] to face potential insider trading allegations,0.92,Finance
[Stock] to focus on cost control strategies,1.03,Finance
[Stock] to face potential environmental regulation issues,0.92,Miscellaneous
[Stock] to invest in talent acquisition,1.03,Miscellaneous
[Stock] to face potential business operation risks,0.92,Finance
[Stock] to introduce cloud-based solutions,1.03,Technology
[Stock] to face potential inflation risk,0.92,Finance
[Stock] to focus on customer journey optimization,1.03,Consumer Discretionary
[Stock] to face potential workforce turnover,0.92,Miscellaneous
[Stock] to introduce new pricing strategies,1.03,Consumer Discretionary
[Stock] to enhance mobile application features,1.03,Technology
[Stock] to face potential cyber security threats,0.92,Technology
[Stock] to focus on vertical integration,1.03,Finance
[Stock] to introduce big data analytics,1.03,Technology
[Stock] to face potential bankruptcy risk,0.92,Finance
[Stock] to invest in AI technology,1.03,Technology
[Stock] to face potential market regulation issues,0.92,Finance
[Stock] to introduce mobile payment services,1.03,Technology
[Stock] to enhance logistics and supply chain,1.03,Industrials
[Stock] to face potential earnings manipulation allegations,0.92,Finance
[Stock] to focus on user engagement strategies,1.03,Technology
[Stock] to introduce social media marketing strategies,1.03,Consumer Discretionary
[Stock] to face potential decline in demand,0.92,Consumer Discretionary
[Stock] to invest in data analysis capabilities,1.03,Technology
[Stock] to face potential government regulation issues,0.92,Miscellaneous
[Stock] to enhance marketing strategies,1.03,Consumer Discretionary
[Stock] to focus on strategic acquisitions,1.03,Finance
[Stock] to face potential product development issues,0.92,Consumer Discretionary
[Stock] to introduce user-friendly mobile apps,1.03,Technology
[Stock] to focus on expansion strategies,1.03,Finance
[Stock] to invest in supply chain automation,1.03,Industrials
[Stock] to introduce customer feedback initiatives,1.03,Consumer Discretionary
[Stock] to face potential revenue decline,0.92,Finance
[Stock] to focus on market penetration strategies,1.03,Consumer Discretionary
[Stock] to face potential investment portfolio issues,0.92,Finance
[Stock] to introduce new marketing campaigns,1.03,Consumer Discretionary
[Stock] to face potential boardroom disputes,0.92,Finance
[Stock] to improve customer communication channels,1.03,Consumer Discretionary
[Stock] to introduce customer-centric strategies,1.03,Consumer Discretionary
[Stock] to face potential revenue recognition issues,0.92,Finance
[Stock] to invest in sustainable solutions,1.03,Miscellaneous
[Stock] to improve product distribution,1.03,Consumer Discretionary
[Stock] to introduce social responsibility initiatives,1.03,Miscellaneous
[Stock] to face potential business sustainability issues,0.92,Miscellaneous
[Stock] to focus on digital customer engagement,1.03,Technology
[Stock] to face potential cash flow issues,0.92,Finance
[Stock] to enhance customer service strategies,1.03,Consumer Discretionary
[Stock] to face potential strategic partnership issues,0.92,Finance
[Stock] to introduce cloud computing services,1.03,Technology
[Stock] to face potential business fraud allegations,0.92,Finance
[Stock] to invest in content marketing,1.03,Consumer Discretionary
[Stock] to face potential lawsuit risks,0.92,Finance
[Stock] to focus on branding strategies,1.03,Consumer Discretionary
[Stock] to enhance data privacy measures,1.03,Technology
[Stock] to face potential financial mismanagement issues,0.92,Finance
[Stock] to introduce new sales strategies,1.03,Consumer Discretionary
[Stock] to focus on customer retention strategies,1.03,Consumer Discretionary
[Stock] to face potential ethical compliance issues,0.92,Miscellaneous
[Stock] to improve quality control measures,1.03,Consumer Staples
[Stock] to face potential financial stability issues,0.92,Finance
[Stock] to enhance user experience,1.03,Technology
[Stock] to introduce e-commerce initiatives,1.03,Consumer Discretionary
[Stock] to face potential pricing strategy issues,0.92,Finance
[Stock] to enhance e-commerce platforms,1.03,Consumer Discretionary
[Stock] to face potential currency exchange risk,0.92,Finance
[Stock] to face potential regulatory changes,0.92,Finance
[Stock] to focus on e-commerce growth,1.03,Consumer Discretionary
[Stock] to introduce new customer engagement channels,1.03,Consumer Discretionary
[Stock] to face potential tax regulation issues,0.92,Finance
[Stock] to improve order fulfillment process,1.03,Consumer Discretionary
[Stock] to face potential macroeconomic instability,0.92,Finance
[Stock] to focus on customer satisfaction metrics,1.03,Consumer Discretionary
[Stock] to introduce performance management systems,1.03,Miscellaneous
[Stock] to enhance website functionality,1.03,Technology
[Stock] to face potential liquidity risks,0.92,Finance
[Stock] to invest in digital marketing,1.03,Consumer Discretionary
[Stock] to face potential corporate social responsibility issues,0.92,Miscellaneous
[Stock] to focus on employee training and development,1.03,Miscellaneous
[Stock] to face potential debt management issues,0.92,Finance
[Stock] to enhance customer data analysis,1.03,Technology
[Stock] to face potential merger integration issues,0.92,Finance
[Stock] to focus on brand recognition,1.03,Consumer Discretionary
[Stock] to face potential foreign exchange risks,0.92,Finance
[Stock] to enhance mobile platform functionality,1.03,Technology
[Stock] to face potential business model risk,0.92,Finance
[Stock] to introduce customer loyalty programs,1.03,Consumer Discretionary
[Stock] to face potential competition law issues,0.92,Finance
[Stock] to focus on customer value propositions,1.03,Consumer Discretionary
[Stock] to face potential risk of takeover,0.92,Finance
[Stock] to introduce digital payment solutions,1.03,Technology
[Stock] to enhance customer service experience,1.03,Consumer Discretionary
[Stock] to focus on supply chain optimization,1.03,Industrials
[Stock] to face potential operational issues,0.92,Finance
[Stock] to introduce personalized marketing initiatives,1.03,Consumer Discretionary
[Stock] to face potential commodity price risk,0.92,Finance
[Stock] to invest in innovation and product development,1.03,Technology
[Stock] to face potential legal compliance issues,0.92,Finance
[Stock] to focus on digital sales channels,1.03,Consumer Discretionary
[Stock] to enhance user interface design,1.03,Technology
[Stock] to face potential market share decline,0.92,Consumer Discretionary
[Stock] to introduce omnichannel retail strategies,1.03,Consumer Discretionary
[Stock] to face potential customer dissatisfaction issues,0.92,Consumer Discretionary
[Stock] to invest in customer experience initiatives,1.03,Consumer Discretionary
[Stock] to face potential tax compliance issues,0.92,Finance
[Stock] to improve supply chain management,1.03,Industrials
[Stock] to face potential brand reputation issues,0.92,Miscellaneous
[Stock] to focus on market differentiation strategies,1.03,Consumer Discretionary
[Stock] to introduce new product lines,1.03,Consumer Discretionary
[Stock] to face potential financial reporting issues,0.92,Finance
[Stock] to focus on sustainability initiatives,1.03,Miscellaneous
[Stock] to enhance product innovation strategies,1.03,Technology
[Stock] to introduce mobile commerce strategies,1.03,Technology
[Stock] to face potential underperformance risk,0.92,Finance
[Stock] to improve user engagement on mobile platforms,1.03,Technology
[Stock] to face potential business ethics issues,0.92,Miscellaneous
[Stock] to focus on product quality improvements,1.03,Consumer Staples
[Stock] to face potential financial risk,0.92,Finance
[Stock] to introduce customer relationship initiatives,1.03,Consumer Discretionary
[Stock] to enhance online customer support,1.03,Technology
[Stock] to face potential technological obsolescence risk,0.92,Technology
[Stock] to focus on direct-to-consumer strategies,1.03,Consumer Discretionary
[Stock] to face potential regulatory risk,0.92,Finance
[Stock] to invest in customer engagement strategies,1.03,Consumer Discretionary
[Stock] to face potential credit default risk,0.92,Finance
[Stock] to face potential business disruption risks,0.92,Miscellaneous
[Stock] to introduce new business expansion strategies,1.03,Finance
[Stock] to face potential change in market conditions,0.92,Finance
